{
  "model_path": "/data/minimax-dialogue/users/ruobai/cogito/base_model/R2EGym-7B-Agent",
  "num_trajectories": 500,
  "num_turns": 3,
  "model_load_time": 45.95862317085266,
  "test_timestamp": "2025-11-25 08:34:05",
  "test_type": "multi-turn dialogue generation",
  "results": [
    {
      "batch_size": 1,
      "total_trajectories": 500,
      "processed": 500,
      "failed": 0,
      "inference_total_time": 0.5991461277008057,
      "throughput": 834.5209572141038,
      "avg_inference_time_per_trajectory": 0.0011982922554016114,
      "total_tokens": 0,
      "avg_tokens_per_trajectory": 0.0,
      "total_gen_time": 0.5981600284576416,
      "avg_gen_time_per_trajectory": 0.001196320056915283,
      "avg_env_time_per_trajectory": 0.51784392786026,
      "total_env_time": 258.92196393013,
      "num_turns": 3,
      "avg_messages_per_trajectory": 6.0
    },
    {
      "batch_size": 2,
      "total_trajectories": 500,
      "processed": 500,
      "failed": 0,
      "inference_total_time": 0.3569967746734619,
      "throughput": 1400.5728776046797,
      "avg_inference_time_per_trajectory": 0.0007139935493469239,
      "total_tokens": 0,
      "avg_tokens_per_trajectory": 0.0,
      "total_gen_time": 0.3562922477722168,
      "avg_gen_time_per_trajectory": 0.0007125844955444336,
      "avg_env_time_per_trajectory": 0.51784392786026,
      "total_env_time": 258.92196393013,
      "num_turns": 3,
      "avg_messages_per_trajectory": 6.0
    },
    {
      "batch_size": 4,
      "total_trajectories": 500,
      "processed": 500,
      "failed": 0,
      "inference_total_time": 0.3844301700592041,
      "throughput": 1300.6263268124808,
      "avg_inference_time_per_trajectory": 0.0007688603401184082,
      "total_tokens": 0,
      "avg_tokens_per_trajectory": 0.0,
      "total_gen_time": 0.3838956356048584,
      "avg_gen_time_per_trajectory": 0.0007677912712097168,
      "avg_env_time_per_trajectory": 0.51784392786026,
      "total_env_time": 258.92196393013,
      "num_turns": 3,
      "avg_messages_per_trajectory": 6.0
    },
    {
      "batch_size": 8,
      "total_trajectories": 500,
      "processed": 500,
      "failed": 0,
      "inference_total_time": 0.4098169803619385,
      "throughput": 1220.0568155043613,
      "avg_inference_time_per_trajectory": 0.0008196339607238769,
      "total_tokens": 0,
      "avg_tokens_per_trajectory": 0.0,
      "total_gen_time": 0.40932464599609375,
      "avg_gen_time_per_trajectory": 0.0008186492919921876,
      "avg_env_time_per_trajectory": 0.51784392786026,
      "total_env_time": 258.92196393013,
      "num_turns": 3,
      "avg_messages_per_trajectory": 6.0
    },
    {
      "batch_size": 16,
      "total_trajectories": 500,
      "processed": 500,
      "failed": 0,
      "inference_total_time": 0.6788280010223389,
      "throughput": 736.5636055775283,
      "avg_inference_time_per_trajectory": 0.0013576560020446776,
      "total_tokens": 0,
      "avg_tokens_per_trajectory": 0.0,
      "total_gen_time": 0.678438663482666,
      "avg_gen_time_per_trajectory": 0.001356877326965332,
      "avg_env_time_per_trajectory": 0.51784392786026,
      "total_env_time": 258.92196393013,
      "num_turns": 3,
      "avg_messages_per_trajectory": 6.0
    },
    {
      "batch_size": 32,
      "total_trajectories": 500,
      "processed": 500,
      "failed": 0,
      "inference_total_time": 0.44243550300598145,
      "throughput": 1130.1082227870857,
      "avg_inference_time_per_trajectory": 0.0008848710060119629,
      "total_tokens": 0,
      "avg_tokens_per_trajectory": 0.0,
      "total_gen_time": 0.44206714630126953,
      "avg_gen_time_per_trajectory": 0.0008841342926025391,
      "avg_env_time_per_trajectory": 0.51784392786026,
      "total_env_time": 258.92196393013,
      "num_turns": 3,
      "avg_messages_per_trajectory": 6.0
    },
    {
      "batch_size": 64,
      "total_trajectories": 500,
      "processed": 500,
      "failed": 0,
      "inference_total_time": 0.4649953842163086,
      "throughput": 1075.2794908764251,
      "avg_inference_time_per_trajectory": 0.0009299907684326172,
      "total_tokens": 0,
      "avg_tokens_per_trajectory": 0.0,
      "total_gen_time": 0.46465325355529785,
      "avg_gen_time_per_trajectory": 0.0009293065071105957,
      "avg_env_time_per_trajectory": 0.51784392786026,
      "total_env_time": 258.92196393013,
      "num_turns": 3,
      "avg_messages_per_trajectory": 6.0
    },
    {
      "batch_size": 128,
      "total_trajectories": 500,
      "processed": 500,
      "failed": 0,
      "inference_total_time": 0.4862339496612549,
      "throughput": 1028.3115778903048,
      "avg_inference_time_per_trajectory": 0.0009724678993225098,
      "total_tokens": 0,
      "avg_tokens_per_trajectory": 0.0,
      "total_gen_time": 0.48587656021118164,
      "avg_gen_time_per_trajectory": 0.0009717531204223633,
      "avg_env_time_per_trajectory": 0.51784392786026,
      "total_env_time": 258.92196393013,
      "num_turns": 3,
      "avg_messages_per_trajectory": 6.0
    },
    {
      "batch_size": 256,
      "total_trajectories": 500,
      "processed": 500,
      "failed": 0,
      "inference_total_time": 0.5086498260498047,
      "throughput": 982.9945365026867,
      "avg_inference_time_per_trajectory": 0.0010172996520996093,
      "total_tokens": 0,
      "avg_tokens_per_trajectory": 0.0,
      "total_gen_time": 0.5083088874816895,
      "avg_gen_time_per_trajectory": 0.0010166177749633789,
      "avg_env_time_per_trajectory": 0.51784392786026,
      "total_env_time": 258.92196393013,
      "num_turns": 3,
      "avg_messages_per_trajectory": 6.0
    }
  ],
  "best_batch_size": 2,
  "best_throughput": 1400.5728776046797,
  "best_total_time": 0.3569967746734619
}