{
  "model_path": "/data/minimax-dialogue/users/ruobai/cogito/base_model/R2EGym-7B-Agent",
  "num_trajectories": 500,
  "num_turns": 10,
  "model_load_time": 43.43448305130005,
  "test_timestamp": "2025-11-25 08:38:14",
  "test_type": "true multi-turn dialogue generation (force generate each turn)",
  "note": "Every assistant turn is generated, not prefilled",
  "results": [
    {
      "batch_size": 1,
      "num_turns": 10,
      "total_trajectories": 500,
      "processed": 500,
      "failed": 0,
      "inference_total_time": 0.6390292644500732,
      "throughput": 782.4367799967391,
      "avg_inference_time_per_trajectory": 0.0012780585289001464,
      "total_tokens": 0,
      "avg_tokens_per_trajectory": 0.0,
      "avg_tokens_per_turn": 0.0,
      "total_gen_time": 0.636549711227417,
      "avg_gen_time_per_trajectory": 0.001273099422454834,
      "avg_env_time_per_trajectory": 3.951352173805237,
      "total_env_time": 1975.6760869026184
    },
    {
      "batch_size": 2,
      "num_turns": 10,
      "total_trajectories": 500,
      "processed": 500,
      "failed": 0,
      "inference_total_time": 0.6474759578704834,
      "throughput": 772.2294456221593,
      "avg_inference_time_per_trajectory": 0.0012949519157409667,
      "total_tokens": 0,
      "avg_tokens_per_trajectory": 0.0,
      "avg_tokens_per_turn": 0.0,
      "total_gen_time": 0.6453754901885986,
      "avg_gen_time_per_trajectory": 0.0012907509803771972,
      "avg_env_time_per_trajectory": 3.951352173805237,
      "total_env_time": 1975.6760869026184
    },
    {
      "batch_size": 4,
      "num_turns": 10,
      "total_trajectories": 500,
      "processed": 500,
      "failed": 0,
      "inference_total_time": 0.44063258171081543,
      "throughput": 1134.7322480300538,
      "avg_inference_time_per_trajectory": 0.0008812651634216308,
      "total_tokens": 0,
      "avg_tokens_per_trajectory": 0.0,
      "avg_tokens_per_turn": 0.0,
      "total_gen_time": 0.4382765293121338,
      "avg_gen_time_per_trajectory": 0.0008765530586242676,
      "avg_env_time_per_trajectory": 3.951352173805237,
      "total_env_time": 1975.6760869026184
    },
    {
      "batch_size": 8,
      "num_turns": 10,
      "total_trajectories": 500,
      "processed": 500,
      "failed": 0,
      "inference_total_time": 0.7515199184417725,
      "throughput": 665.3183604723577,
      "avg_inference_time_per_trajectory": 0.001503039836883545,
      "total_tokens": 0,
      "avg_tokens_per_trajectory": 0.0,
      "avg_tokens_per_turn": 0.0,
      "total_gen_time": 0.7497687339782715,
      "avg_gen_time_per_trajectory": 0.0014995374679565429,
      "avg_env_time_per_trajectory": 3.951352173805237,
      "total_env_time": 1975.6760869026184
    },
    {
      "batch_size": 16,
      "num_turns": 10,
      "total_trajectories": 500,
      "processed": 500,
      "failed": 0,
      "inference_total_time": 0.4759831428527832,
      "throughput": 1050.4573691481444,
      "avg_inference_time_per_trajectory": 0.0009519662857055664,
      "total_tokens": 0,
      "avg_tokens_per_trajectory": 0.0,
      "avg_tokens_per_turn": 0.0,
      "total_gen_time": 0.47432994842529297,
      "avg_gen_time_per_trajectory": 0.0009486598968505859,
      "avg_env_time_per_trajectory": 3.951352173805237,
      "total_env_time": 1975.6760869026184
    },
    {
      "batch_size": 32,
      "num_turns": 10,
      "total_trajectories": 500,
      "processed": 500,
      "failed": 0,
      "inference_total_time": 0.8380968570709229,
      "throughput": 596.5897566391758,
      "avg_inference_time_per_trajectory": 0.0016761937141418458,
      "total_tokens": 0,
      "avg_tokens_per_trajectory": 0.0,
      "avg_tokens_per_turn": 0.0,
      "total_gen_time": 0.8364386558532715,
      "avg_gen_time_per_trajectory": 0.0016728773117065429,
      "avg_env_time_per_trajectory": 3.951352173805237,
      "total_env_time": 1975.6760869026184
    },
    {
      "batch_size": 64,
      "num_turns": 10,
      "total_trajectories": 500,
      "processed": 500,
      "failed": 0,
      "inference_total_time": 0.5186593532562256,
      "throughput": 964.0238759041379,
      "avg_inference_time_per_trajectory": 0.0010373187065124512,
      "total_tokens": 0,
      "avg_tokens_per_trajectory": 0.0,
      "avg_tokens_per_turn": 0.0,
      "total_gen_time": 0.5170769691467285,
      "avg_gen_time_per_trajectory": 0.001034153938293457,
      "avg_env_time_per_trajectory": 3.951352173805237,
      "total_env_time": 1975.6760869026184
    },
    {
      "batch_size": 128,
      "num_turns": 10,
      "total_trajectories": 500,
      "processed": 500,
      "failed": 0,
      "inference_total_time": 0.5433509349822998,
      "throughput": 920.2155877697863,
      "avg_inference_time_per_trajectory": 0.0010867018699645995,
      "total_tokens": 0,
      "avg_tokens_per_trajectory": 0.0,
      "avg_tokens_per_turn": 0.0,
      "total_gen_time": 0.5417294502258301,
      "avg_gen_time_per_trajectory": 0.00108345890045166,
      "avg_env_time_per_trajectory": 3.951352173805237,
      "total_env_time": 1975.6760869026184
    },
    {
      "batch_size": 256,
      "num_turns": 10,
      "total_trajectories": 500,
      "processed": 500,
      "failed": 0,
      "inference_total_time": 0.9858100414276123,
      "throughput": 507.1971059210547,
      "avg_inference_time_per_trajectory": 0.0019716200828552247,
      "total_tokens": 0,
      "avg_tokens_per_trajectory": 0.0,
      "avg_tokens_per_turn": 0.0,
      "total_gen_time": 0.9842305183410645,
      "avg_gen_time_per_trajectory": 0.001968461036682129,
      "avg_env_time_per_trajectory": 3.951352173805237,
      "total_env_time": 1975.6760869026184
    }
  ],
  "best_batch_size": 4,
  "best_throughput": 1134.7322480300538,
  "best_total_time": 0.44063258171081543
}