{
  "model_path": "/data/minimax-dialogue/users/ruobai/cogito/base_model/R2EGym-7B-Agent",
  "gpu_device": "GPU 3",
  "num_trajectories": 50,
  "num_turns": 10,
  "model_load_time": 42.39224910736084,
  "test_timestamp": "2025-11-25 08:42:43",
  "test_type": "force generate multi-turn dialogue",
  "note": "Every assistant turn uses gen() to force generation with temperature=0",
  "results": [
    {
      "batch_size": 1,
      "num_turns": 10,
      "total_trajectories": 50,
      "processed": 50,
      "failed": 0,
      "inference_total_time": 0.04256844520568848,
      "throughput": 1174.5789576857376,
      "avg_inference_time_per_trajectory": 0.0008513689041137696,
      "total_tokens": 0,
      "avg_tokens_per_trajectory": 0.0,
      "avg_tokens_per_turn": 0.0,
      "total_gen_time": 0.04231142997741699,
      "avg_gen_time_per_trajectory": 0.0008462285995483399,
      "avg_env_time_per_trajectory": 3.518535227775574,
      "total_env_time": 175.9267613887787
    },
    {
      "batch_size": 2,
      "num_turns": 10,
      "total_trajectories": 50,
      "processed": 50,
      "failed": 0,
      "inference_total_time": 0.04084420204162598,
      "throughput": 1224.1639572011463,
      "avg_inference_time_per_trajectory": 0.0008168840408325196,
      "total_tokens": 0,
      "avg_tokens_per_trajectory": 0.0,
      "avg_tokens_per_turn": 0.0,
      "total_gen_time": 0.04062843322753906,
      "avg_gen_time_per_trajectory": 0.0008125686645507812,
      "avg_env_time_per_trajectory": 3.518535227775574,
      "total_env_time": 175.9267613887787
    },
    {
      "batch_size": 4,
      "num_turns": 10,
      "total_trajectories": 50,
      "processed": 50,
      "failed": 0,
      "inference_total_time": 0.04166007041931152,
      "throughput": 1200.1900020030332,
      "avg_inference_time_per_trajectory": 0.0008332014083862304,
      "total_tokens": 0,
      "avg_tokens_per_trajectory": 0.0,
      "avg_tokens_per_turn": 0.0,
      "total_gen_time": 0.04145479202270508,
      "avg_gen_time_per_trajectory": 0.0008290958404541016,
      "avg_env_time_per_trajectory": 3.518535227775574,
      "total_env_time": 175.9267613887787
    },
    {
      "batch_size": 8,
      "num_turns": 10,
      "total_trajectories": 50,
      "processed": 50,
      "failed": 0,
      "inference_total_time": 0.03965616226196289,
      "throughput": 1260.8380929477544,
      "avg_inference_time_per_trajectory": 0.0007931232452392578,
      "total_tokens": 0,
      "avg_tokens_per_trajectory": 0.0,
      "avg_tokens_per_turn": 0.0,
      "total_gen_time": 0.039464473724365234,
      "avg_gen_time_per_trajectory": 0.0007892894744873047,
      "avg_env_time_per_trajectory": 3.518535227775574,
      "total_env_time": 175.9267613887787
    },
    {
      "batch_size": 16,
      "num_turns": 10,
      "total_trajectories": 50,
      "processed": 50,
      "failed": 0,
      "inference_total_time": 0.04093670845031738,
      "throughput": 1221.3976622151297,
      "avg_inference_time_per_trajectory": 0.0008187341690063477,
      "total_tokens": 0,
      "avg_tokens_per_trajectory": 0.0,
      "avg_tokens_per_turn": 0.0,
      "total_gen_time": 0.0407557487487793,
      "avg_gen_time_per_trajectory": 0.000815114974975586,
      "avg_env_time_per_trajectory": 3.518535227775574,
      "total_env_time": 175.9267613887787
    },
    {
      "batch_size": 32,
      "num_turns": 10,
      "total_trajectories": 50,
      "processed": 50,
      "failed": 0,
      "inference_total_time": 0.041280508041381836,
      "throughput": 1211.2254032793703,
      "avg_inference_time_per_trajectory": 0.0008256101608276367,
      "total_tokens": 0,
      "avg_tokens_per_trajectory": 0.0,
      "avg_tokens_per_turn": 0.0,
      "total_gen_time": 0.041107177734375,
      "avg_gen_time_per_trajectory": 0.0008221435546875,
      "avg_env_time_per_trajectory": 3.518535227775574,
      "total_env_time": 175.9267613887787
    },
    {
      "batch_size": 64,
      "num_turns": 10,
      "total_trajectories": 50,
      "processed": 50,
      "failed": 0,
      "inference_total_time": 0.04144024848937988,
      "throughput": 1206.5564716102938,
      "avg_inference_time_per_trajectory": 0.0008288049697875977,
      "total_tokens": 0,
      "avg_tokens_per_trajectory": 0.0,
      "avg_tokens_per_turn": 0.0,
      "total_gen_time": 0.04126381874084473,
      "avg_gen_time_per_trajectory": 0.0008252763748168945,
      "avg_env_time_per_trajectory": 3.518535227775574,
      "total_env_time": 175.9267613887787
    },
    {
      "batch_size": 128,
      "num_turns": 10,
      "total_trajectories": 50,
      "processed": 50,
      "failed": 0,
      "inference_total_time": 0.24991202354431152,
      "throughput": 200.0704059408113,
      "avg_inference_time_per_trajectory": 0.00499824047088623,
      "total_tokens": 0,
      "avg_tokens_per_trajectory": 0.0,
      "avg_tokens_per_turn": 0.0,
      "total_gen_time": 0.24971628189086914,
      "avg_gen_time_per_trajectory": 0.004994325637817383,
      "avg_env_time_per_trajectory": 3.518535227775574,
      "total_env_time": 175.9267613887787
    },
    {
      "batch_size": 256,
      "num_turns": 10,
      "total_trajectories": 50,
      "processed": 50,
      "failed": 0,
      "inference_total_time": 0.042124032974243164,
      "throughput": 1186.970868401243,
      "avg_inference_time_per_trajectory": 0.0008424806594848633,
      "total_tokens": 0,
      "avg_tokens_per_trajectory": 0.0,
      "avg_tokens_per_turn": 0.0,
      "total_gen_time": 0.041948556900024414,
      "avg_gen_time_per_trajectory": 0.0008389711380004883,
      "avg_env_time_per_trajectory": 3.518535227775574,
      "total_env_time": 175.9267613887787
    }
  ],
  "best_batch_size": 8,
  "best_throughput": 1260.8380929477544,
  "best_total_time": 0.03965616226196289
}