{
  "model": "Qwen2.5-14B",
  "gpu": 1,
  "num_trajectories": 50,
  "num_turns": 50,
  "model_load_time": 42.22922897338867,
  "timestamp": "2025-11-26 09:47:19",
  "note": "Per-turn recording: each assistant generation triggers one record",
  "metadata_file": "per_turn_metrics_gpu1_50traj_50turns_bs4_3.jsonl",
  "results": [
    {
      "batch_size": 4,
      "num_turns": 50,
      "processed": 50,
      "failed": 0,
      "total_time": 2488.715012550354,
      "avg_time_per_traj": 49.77430025100708,
      "throughput_traj_per_sec": 0.02009068927050897,
      "throughput_token_per_sec": 107.74395567502715,
      "total_tokens": 268144,
      "avg_tokens_per_traj": 5362.88,
      "avg_tokens_per_turn": 107.2576,
      "avg_env_time": 20.216140999794007,
      "records_per_traj": 50
    },
    {
      "batch_size": 3,
      "num_turns": 50,
      "processed": 50,
      "failed": 0,
      "total_time": 2925.0814163684845,
      "avg_time_per_traj": 58.50162832736969,
      "throughput_traj_per_sec": 0.017093541301176997,
      "throughput_token_per_sec": 93.09621211777426,
      "total_tokens": 272314,
      "avg_tokens_per_traj": 5446.28,
      "avg_tokens_per_turn": 108.92559999999999,
      "avg_env_time": 20.216140999794007,
      "records_per_traj": 50
    }
  ]
}